vuln_id,summary,published_date,cvss_v3_score,cvss_v3_severity,cvss_v2_score,cvss_v2_severity,cvss_v4
CVE-2024-40898,"SSRF in Apache HTTP Server on Windows with mod_rewrite in server/vhost context, allows to potentially leak NTML hashes to a malicious server via SSRF and malicious requests.

Users are recommended to upgrade to version 2.4.62 which fixes this issue.","July 18, 2024; 6:15:03 AM -0400",7.5,HIGH,,,
CVE-2024-38477,"null pointer dereference in mod_proxy in Apache HTTP Server 2.4.59 and earlier allows an attacker to crash the server via a malicious request.
Users are recommended to upgrade to version 2.4.60, which fixes this issue.","July 01, 2024; 3:15:05 PM -0400",7.5,HIGH,,,
CVE-2024-38476,"Vulnerability in core of Apache HTTP Server 2.4.59 and earlier are vulnerably to information disclosure, SSRF or local script execution via backend applications whose response headers are malicious or exploitable.

Users are recommended to upgrade to version 2.4.60, which fixes this issue.","July 01, 2024; 3:15:04 PM -0400",9.8,CRITICAL,,,
CVE-2024-38474,"Substitution encoding issue in mod_rewrite in Apache HTTP Server 2.4.59 and earlier allows attacker to execute scripts in
directories permitted by the configuration but not directly reachable by any URL or source disclosure of scripts meant to only to be executed as CGI.

Users are recommended to upgrade to version 2.4.60, which fixes this issue.

Some RewriteRules that capture and substitute unsafely will now fail unless rewrite flag ""UnsafeAllow3F"" is specified.","July 01, 2024; 3:15:04 PM -0400",9.8,CRITICAL,,,
CVE-2023-31122,Out-of-bounds Read vulnerability in mod_macro of Apache HTTP Server.This issue affects Apache HTTP Server: through 2.4.57.,"October 23, 2023; 3:15:11 AM -0400",7.5,HIGH,,,
CVE-2023-25690,"Some mod_proxy configurations on Apache HTTP Server versions 2.4.0 through 2.4.55 allow a HTTP Request Smuggling attack.




Configurations are affected when mod_proxy is enabled along with some form of RewriteRule
 or ProxyPassMatch in which a non-specific pattern matches
 some portion of the user-supplied request-target (URL) data and is then
 re-inserted into the proxied request-target using variable 
substitution. For example, something like:




RewriteEngine on
RewriteRule ""^/here/(.*)"" ""http://example.com:8080/elsewhere?$1""; [P]
ProxyPassReverse /here/ http://example.com:8080/


Request splitting/smuggling could result in bypass of access controls in the proxy server, proxying unintended URLs to existing origin servers, and cache poisoning. Users are recommended to update to at least version 2.4.56 of Apache HTTP Server.","March 07, 2023; 11:15:09 AM -0500",9.8,CRITICAL,,,
CVE-2022-37436,"Prior to Apache HTTP Server 2.4.55, a malicious backend can cause the response headers to be truncated early, resulting in some headers being incorporated into the response body. If the later headers have any security purpose, they will not be interpreted by the client.","January 17, 2023; 3:15:11 PM -0500",5.3,MEDIUM,,,
CVE-2022-36760,Inconsistent Interpretation of HTTP Requests ('HTTP Request Smuggling') vulnerability in mod_proxy_ajp of Apache HTTP Server allows an attacker to smuggle requests to the AJP server it forwards requests to.  This issue affects Apache HTTP Server Apache HTTP Server 2.4 version 2.4.54 and prior versions.,"January 17, 2023; 3:15:11 PM -0500",9.0,CRITICAL,,,
CVE-2006-20001,"A carefully crafted If: request header can cause a memory read, or write of a single zero byte, in a pool (heap) memory location beyond the header value sent. This could cause the process to crash.

This issue affects Apache HTTP Server 2.4.54 and earlier.","January 17, 2023; 3:15:11 PM -0500",7.5,HIGH,,,
CVE-2022-31813,Apache HTTP Server 2.4.53 and earlier may not send the X-Forwarded-* headers to the origin server based on client side Connection header hop-by-hop mechanism. This may be used to bypass IP based authentication on the origin server/application.,"June 09, 2022; 1:15:09 PM -0400",9.8,CRITICAL,7.5,HIGH,
CVE-2022-30556,Apache HTTP Server 2.4.53 and earlier may return lengths to applications calling r:wsread() that point past the end of the storage allocated for the buffer.,"June 09, 2022; 1:15:09 PM -0400",7.5,HIGH,5.0,MEDIUM,
CVE-2022-29404,"In Apache HTTP Server 2.4.53 and earlier, a malicious request to a lua script that calls r:parsebody(0) may cause a denial of service due to no default limit on possible input size.","June 09, 2022; 1:15:09 PM -0400",7.5,HIGH,5.0,MEDIUM,
CVE-2022-28615,"Apache HTTP Server 2.4.53 and earlier may crash or disclose information due to a read beyond bounds in ap_strcmp_match() when provided with an extremely large input buffer. While no code distributed with the server can be coerced into such a call, third-party modules or lua scripts that use ap_strcmp_match() may hypothetically be affected.","June 09, 2022; 1:15:09 PM -0400",9.1,CRITICAL,6.4,MEDIUM,
CVE-2022-28614,"The ap_rwrite() function in Apache HTTP Server 2.4.53 and earlier may read unintended memory if an attacker can cause the server to reflect very large input using ap_rwrite() or ap_rputs(), such as with mod_luas r:puts() function. Modules compiled and distributed separately from Apache HTTP Server that use the 'ap_rputs' function and may pass it a very large (INT_MAX or larger) string must be compiled against current headers to resolve the issue.","June 09, 2022; 1:15:09 PM -0400",5.3,MEDIUM,5.0,MEDIUM,
CVE-2022-28330,Apache HTTP Server 2.4.53 and earlier on Windows may read beyond bounds when configured to process requests with the mod_isapi module.,"June 09, 2022; 1:15:09 PM -0400",5.3,MEDIUM,5.0,MEDIUM,
CVE-2022-26377,Inconsistent Interpretation of HTTP Requests ('HTTP Request Smuggling') vulnerability in mod_proxy_ajp of Apache HTTP Server allows an attacker to smuggle requests to the AJP server it forwards requests to. This issue affects Apache HTTP Server Apache HTTP Server 2.4 version 2.4.53 and prior versions.,"June 09, 2022; 1:15:09 PM -0400",7.5,HIGH,5.0,MEDIUM,
CVE-2022-23943,Out-of-bounds Write vulnerability in mod_sed of Apache HTTP Server allows an attacker to overwrite heap memory with possibly attacker provided data. This issue affects Apache HTTP Server 2.4 version 2.4.52 and prior versions.,"March 14, 2022; 7:15:09 AM -0400",9.8,CRITICAL,7.5,HIGH,
CVE-2022-22721,If LimitXMLRequestBody is set to allow request bodies larger than 350MB (defaults to 1M) on 32 bit systems an integer overflow happens which later causes out of bounds writes. This issue affects Apache HTTP Server 2.4.52 and earlier.,"March 14, 2022; 7:15:09 AM -0400",9.1,CRITICAL,5.8,MEDIUM,
CVE-2022-22720,"Apache HTTP Server 2.4.52 and earlier fails to close inbound connection when errors are encountered discarding the request body, exposing the server to HTTP Request Smuggling","March 14, 2022; 7:15:09 AM -0400",9.8,CRITICAL,7.5,HIGH,
CVE-2022-22719,A carefully crafted request body can cause a read to a random memory area which could cause the process to crash. This issue affects Apache HTTP Server 2.4.52 and earlier.,"March 14, 2022; 7:15:09 AM -0400",7.5,HIGH,5.0,MEDIUM,
CVE-2021-44790,A carefully crafted request body can cause a buffer overflow in the mod_lua multipart parser (r:parsebody() called from Lua scripts). The Apache httpd team is not aware of an exploit for the vulnerabilty though it might be possible to craft one. This issue affects Apache HTTP Server 2.4.51 and earlier.,"December 20, 2021; 7:15:07 AM -0500",9.8,CRITICAL,7.5,HIGH,
CVE-2021-40438,A crafted request uri-path can cause mod_proxy to forward the request to an origin server choosen by the remote user. This issue affects Apache HTTP Server 2.4.48 and earlier.,"September 16, 2021; 11:15:07 AM -0400",9.0,CRITICAL,6.8,MEDIUM,
CVE-2021-39275,"ap_escape_quotes() may write beyond the end of a buffer when given malicious input. No included modules pass untrusted data to these functions, but third-party / external modules may. This issue affects Apache HTTP Server 2.4.48 and earlier.","September 16, 2021; 11:15:07 AM -0400",9.8,CRITICAL,7.5,HIGH,
CVE-2021-34798,Malformed requests may cause the server to dereference a NULL pointer. This issue affects Apache HTTP Server 2.4.48 and earlier.,"September 16, 2021; 11:15:07 AM -0400",7.5,HIGH,5.0,MEDIUM,
CVE-2021-32792,"mod_auth_openidc is an authentication/authorization module for the Apache 2.x HTTP server that functions as an OpenID Connect Relying Party, authenticating users against an OpenID Connect Provider. In mod_auth_openidc before version 2.4.9, there is an XSS vulnerability in when using `OIDCPreservePost On`.","July 26, 2021; 1:15:08 PM -0400",6.1,MEDIUM,4.3,MEDIUM,
CVE-2021-32791,"mod_auth_openidc is an authentication/authorization module for the Apache 2.x HTTP server that functions as an OpenID Connect Relying Party, authenticating users against an OpenID Connect Provider. In mod_auth_openidc before version 2.4.9, the AES GCM encryption in mod_auth_openidc uses a static IV and AAD. It is important to fix because this creates a static nonce and since aes-gcm is a stream cipher, this can lead to known cryptographic issues, since the same key is being reused. From 2.4.9 onwards this has been patched to use dynamic values through usage of cjose AES encryption routines.","July 26, 2021; 1:15:08 PM -0400",5.9,MEDIUM,4.3,MEDIUM,
CVE-2021-32786,"mod_auth_openidc is an authentication/authorization module for the Apache 2.x HTTP server that functions as an OpenID Connect Relying Party, authenticating users against an OpenID Connect Provider. In versions prior to 2.4.9, `oidc_validate_redirect_url()` does not parse URLs the same way as most browsers do. As a result, this function can be bypassed and leads to an Open Redirect vulnerability in the logout functionality. This bug has been fixed in version 2.4.9 by replacing any backslash of the URL to redirect with slashes to address a particular breaking change between the different specifications (RFC2396 / RFC3986 and WHATWG). As a workaround, this vulnerability can be mitigated by configuring `mod_auth_openidc` to only allow redirection whose destination matches a given regular expression.","July 22, 2021; 6:15:08 PM -0400",6.1,MEDIUM,5.8,MEDIUM,
CVE-2021-32785,"mod_auth_openidc is an authentication/authorization module for the Apache 2.x HTTP server that functions as an OpenID Connect Relying Party, authenticating users against an OpenID Connect Provider. When mod_auth_openidc versions prior to 2.4.9 are configured to use an unencrypted Redis cache (`OIDCCacheEncrypt off`, `OIDCSessionType server-cache`, `OIDCCacheType redis`), `mod_auth_openidc` wrongly performed argument interpolation before passing Redis requests to `hiredis`, which would perform it again and lead to an uncontrolled format string bug. Initial assessment shows that this bug does not appear to allow gaining arbitrary code execution, but can reliably provoke a denial of service by repeatedly crashing the Apache workers. This bug has been corrected in version 2.4.9 by performing argument interpolation only once, using the `hiredis` API. As a workaround, this vulnerability can be mitigated by setting `OIDCCacheEncrypt` to `on`, as cache keys are cryptographically hashed before use when this option is enabled.","July 22, 2021; 6:15:08 PM -0400",7.5,HIGH,4.3,MEDIUM,
CVE-2021-26691,In Apache HTTP Server versions 2.4.0 to 2.4.46 a specially crafted SessionHeader sent by an origin server could cause a heap overflow,"June 10, 2021; 3:15:07 AM -0400",9.8,CRITICAL,7.5,HIGH,
CVE-2021-26690,"Apache HTTP Server versions 2.4.0 to 2.4.46 A specially crafted Cookie header handled by mod_session can cause a NULL pointer dereference and crash, leading to a possible Denial Of Service","June 10, 2021; 3:15:07 AM -0400",7.5,HIGH,5.0,MEDIUM,
CVE-2020-35452,"Apache HTTP Server versions 2.4.0 to 2.4.46 A specially crafted Digest nonce can cause a stack overflow in mod_auth_digest. There is no report of this overflow being exploitable, nor the Apache HTTP Server team could create one, though some particular compiler and/or compilation option might make it possible, with limited consequences anyway due to the size (a single byte) and the value (zero byte) of the overflow","June 10, 2021; 3:15:07 AM -0400",7.3,HIGH,6.8,MEDIUM,
CVE-2020-13938,Apache HTTP Server versions 2.4.0 to 2.4.46 Unprivileged local users can stop httpd on Windows,"June 10, 2021; 3:15:07 AM -0400",5.5,MEDIUM,2.1,LOW,
CVE-2019-17567,"Apache HTTP Server versions 2.4.6 to 2.4.46 mod_proxy_wstunnel configured on an URL that is not necessarily Upgraded by the origin server was tunneling the whole connection regardless, thus allowing for subsequent requests on the same connection to pass through with no HTTP validation, authentication or authorization possibly configured.","June 10, 2021; 3:15:07 AM -0400",5.3,MEDIUM,5.0,MEDIUM,
CVE-2020-11985,"IP address spoofing when proxying using mod_remoteip and mod_rewrite For configurations using proxying with mod_remoteip and certain mod_rewrite rules, an attacker could spoof their IP address for logging and PHP scripts. Note this issue was fixed in Apache HTTP Server 2.4.24 but was retrospectively allocated a low severity CVE in 2020.","August 07, 2020; 12:15:11 PM -0400",5.3,MEDIUM,4.3,MEDIUM,
CVE-2020-1927,"In Apache HTTP Server 2.4.0 to 2.4.41, redirects configured with mod_rewrite that were intended to be self-referential might be fooled by encoded newlines and redirect instead to an an unexpected URL within the request URL.","April 01, 2020; 8:15:13 PM -0400",6.1,MEDIUM,5.8,MEDIUM,
CVE-2020-1934,"In Apache HTTP Server 2.4.0 to 2.4.41, mod_proxy_ftp may use uninitialized memory when proxying to a malicious FTP server.","April 01, 2020; 4:15:15 PM -0400",5.3,MEDIUM,5.0,MEDIUM,
CVE-2019-10092,"In Apache HTTP Server 2.4.0-2.4.39, a limited cross-site scripting issue was reported affecting the mod_proxy error page. An attacker could cause the link on the error page to be malformed and instead point to a page of their choice. This would only be exploitable where a server was set up with proxying enabled but was misconfigured in such a way that the Proxy Error page was displayed.","September 26, 2019; 12:15:10 PM -0400",6.1,MEDIUM,4.3,MEDIUM,
CVE-2019-10098,"In Apache HTTP server 2.4.0 to 2.4.39, Redirects configured with mod_rewrite that were intended to be self-referential might be fooled by encoded newlines and redirect instead to an unexpected URL within the request URL.","September 25, 2019; 1:15:10 PM -0400",6.1,MEDIUM,5.8,MEDIUM,
CVE-2019-0220,"A vulnerability was found in Apache HTTP Server 2.4.0 to 2.4.38. When the path component of a request URL contains multiple consecutive slashes ('/'), directives such as LocationMatch and RewriteRule must account for duplicates in regular expressions while other aspects of the servers processing will implicitly collapse them.","June 11, 2019; 5:29:00 PM -0400",5.3,MEDIUM,5.0,MEDIUM,
CVE-2019-0217,"In Apache HTTP Server 2.4 release 2.4.38 and prior, a race condition in mod_auth_digest when running in a threaded server could allow a user with valid credentials to authenticate using another username, bypassing configured access control restrictions.","April 08, 2019; 5:29:00 PM -0400",7.5,HIGH,6.0,MEDIUM,
CVE-2018-17199,"In Apache HTTP Server 2.4 release 2.4.37 and prior, mod_session checks the session expiry time before decoding the session. This causes session expiry time to be ignored for mod_session_cookie sessions since the expiry time is loaded when the session is decoded.","January 30, 2019; 5:29:00 PM -0500",7.5,HIGH,5.0,MEDIUM,
CVE-2016-4975,"Possible CRLF injection allowing HTTP response splitting attacks for sites which use mod_userdir. This issue was mitigated by changes made in 2.4.25 and 2.2.32 which prohibit CR or LF injection into the ""Location"" or other outbound header key or value. Fixed in Apache HTTP Server 2.4.25 (Affected 2.4.1-2.4.23). Fixed in Apache HTTP Server 2.2.32 (Affected 2.2.0-2.2.31).","August 14, 2018; 8:29:00 AM -0400",6.1,MEDIUM,4.3,MEDIUM,
CVE-2018-1312,"In Apache httpd 2.2.0 to 2.4.29, when generating an HTTP Digest authentication challenge, the nonce sent to prevent reply attacks was not correctly generated using a pseudo-random seed. In a cluster of servers using a common Digest authentication configuration, HTTP requests could be replayed across servers by an attacker without detection.","March 26, 2018; 11:29:00 AM -0400",9.8,CRITICAL,6.8,MEDIUM,
CVE-2018-1303,"A specially crafted HTTP request header could have crashed the Apache HTTP Server prior to version 2.4.30 due to an out of bound read while preparing data to be cached in shared memory. It could be used as a Denial of Service attack against users of mod_cache_socache. The vulnerability is considered as low risk since mod_cache_socache is not widely used, mod_cache_disk is not concerned by this vulnerability.","March 26, 2018; 11:29:00 AM -0400",7.5,HIGH,5.0,MEDIUM,
CVE-2018-1302,"When an HTTP/2 stream was destroyed after being handled, the Apache HTTP Server prior to version 2.4.30 could have written a NULL pointer potentially to an already freed memory. The memory pools maintained by the server make this vulnerability hard to trigger in usual configurations, the reporter and the team could not reproduce it outside debug builds, so it is classified as low risk.","March 26, 2018; 11:29:00 AM -0400",5.9,MEDIUM,4.3,MEDIUM,
CVE-2018-1301,"A specially crafted request could have crashed the Apache HTTP Server prior to version 2.4.30, due to an out of bound access after a size limit is reached by reading the HTTP header. This vulnerability is considered very hard if not impossible to trigger in non-debug mode (both log and build level), so it is classified as low risk for common server usage.","March 26, 2018; 11:29:00 AM -0400",5.9,MEDIUM,4.3,MEDIUM,
CVE-2018-1283,"In Apache httpd 2.4.0 to 2.4.29, when mod_session is configured to forward its session data to CGI applications (SessionEnv on, not the default), a remote user may influence their content by using a ""Session"" header. This comes from the ""HTTP_SESSION"" variable name used by mod_session to forward its data to CGIs, since the prefix ""HTTP_"" is also used by the Apache HTTP Server to pass HTTP header fields, per CGI specifications.","March 26, 2018; 11:29:00 AM -0400",5.3,MEDIUM,3.5,LOW,
CVE-2017-15715,"In Apache httpd 2.4.0 to 2.4.29, the expression specified in <FilesMatch> could match '$' to a newline character in a malicious filename, rather than matching only the end of the filename. This could be exploited in environments where uploads of some files are are externally blocked, but only by matching the trailing portion of the filename.","March 26, 2018; 11:29:00 AM -0400",8.1,HIGH,6.8,MEDIUM,
CVE-2017-15710,"In Apache httpd 2.0.23 to 2.0.65, 2.2.0 to 2.2.34, and 2.4.0 to 2.4.29, mod_authnz_ldap, if configured with AuthLDAPCharsetConfig, uses the Accept-Language header value to lookup the right charset encoding when verifying the user's credentials. If the header value is not present in the charset conversion table, a fallback mechanism is used to truncate it to a two characters value to allow a quick retry (for example, 'en-US' is truncated to 'en'). A header value of less than two characters forces an out of bound write of one NUL byte to a memory location that is not part of the string. In the worst case, quite unlikely, the process would crash which could be used as a Denial of Service attack. In the more likely case, this memory is already reserved for future use and the issue has no effect at all.","March 26, 2018; 11:29:00 AM -0400",7.5,HIGH,5.0,MEDIUM,
CVE-2016-8612,Apache HTTP Server mod_cluster before version httpd 2.4.23 is vulnerable to an Improper Input Validation in the protocol parsing logic in the load balancer resulting in a Segmentation Fault in the serving httpd process.,"March 09, 2018; 3:29:00 PM -0500",4.3,MEDIUM,3.3,LOW,
CVE-2017-9798,"Apache httpd allows remote attackers to read secret data from process memory if the Limit directive can be set in a user's .htaccess file, or if httpd.conf has certain misconfigurations, aka Optionsbleed. This affects the Apache HTTP Server through 2.2.34 and 2.4.x through 2.4.27. The attacker sends an unauthenticated OPTIONS HTTP request when attempting to read secret data. This is a use-after-free issue and thus secret data is not always sent, and the specific data depends on many factors including configuration. Exploitation with .htaccess can be blocked with a patch to the ap_limit_section function in server/core.c.","September 18, 2017; 11:29:00 AM -0400",7.5,HIGH,5.0,MEDIUM,
CVE-2016-8743,"Apache HTTP Server, in all releases prior to 2.2.32 and 2.4.25, was liberal in the whitespace accepted from requests and sent in response lines and headers. Accepting these different behaviors represented a security concern when httpd participates in any chain of proxies or interacts with back-end application servers, either through mod_proxy or using conventional CGI mechanisms, and may result in request smuggling, response splitting and cache pollution.","July 27, 2017; 5:29:00 PM -0400",7.5,HIGH,5.0,MEDIUM,
CVE-2016-2161,"In Apache HTTP Server versions 2.4.0 to 2.4.23, malicious input to mod_auth_digest can cause the server to crash, and each instance continues to crash even for subsequently valid requests.","July 27, 2017; 5:29:00 PM -0400",7.5,HIGH,5.0,MEDIUM,
CVE-2016-0736,"In Apache HTTP Server versions 2.4.0 to 2.4.23, mod_session_crypto was encrypting its data/cookie using the configured ciphers with possibly either CBC or ECB modes of operation (AES256-CBC by default), hence no selectable or builtin authenticated encryption. This made it vulnerable to padding oracle attacks, particularly with CBC.","July 27, 2017; 5:29:00 PM -0400",7.5,HIGH,5.0,MEDIUM,
CVE-2017-9788,"In Apache httpd before 2.2.34 and 2.4.x before 2.4.27, the value placeholder in [Proxy-]Authorization headers of type 'Digest' was not initialized or reset before or between successive key=value assignments by mod_auth_digest. Providing an initial key with no '=' assignment could reflect the stale value of uninitialized pool memory used by the prior request, leading to leakage of potentially confidential information, and a segfault in other cases resulting in denial of service.","July 13, 2017; 12:29:00 PM -0400",9.1,CRITICAL,6.4,MEDIUM,
CVE-2017-7679,"In Apache httpd 2.2.x before 2.2.33 and 2.4.x before 2.4.26, mod_mime can read one byte past the end of a buffer when sending a malicious Content-Type response header.","June 19, 2017; 9:29:00 PM -0400",9.8,CRITICAL,7.5,HIGH,
CVE-2017-3167,"In Apache httpd 2.2.x before 2.2.33 and 2.4.x before 2.4.26, use of the ap_get_basic_auth_pw() by third-party modules outside of the authentication phase may lead to authentication requirements being bypassed.","June 19, 2017; 9:29:00 PM -0400",9.8,CRITICAL,7.5,HIGH,
CVE-2016-5387,"The Apache HTTP Server through 2.4.23 follows RFC 3875 section 4.1.18 and therefore does not protect applications from the presence of untrusted client data in the HTTP_PROXY environment variable, which might allow remote attackers to redirect an application's outbound HTTP traffic to an arbitrary proxy server via a crafted Proxy header in an HTTP request, aka an ""httpoxy"" issue.  NOTE: the vendor states ""This mitigation has been assigned the identifier CVE-2016-5387""; in other words, this is not a CVE ID for a vulnerability.","July 18, 2016; 10:00:19 PM -0400",8.1,HIGH,6.8,MEDIUM,
CVE-2015-3184,"mod_authz_svn in Apache Subversion 1.7.x before 1.7.21 and 1.8.x before 1.8.14, when using Apache httpd 2.4.x, does not properly restrict anonymous access, which allows remote anonymous users to read hidden files via the path name.","August 12, 2015; 10:59:10 AM -0400",,,5.0,MEDIUM,
CVE-2015-3185,"The ap_some_auth_required function in server/request.c in the Apache HTTP Server 2.4.x before 2.4.14 does not consider that a Require directive may be associated with an authorization setting rather than an authentication setting, which allows remote attackers to bypass intended access restrictions in opportunistic circumstances by leveraging the presence of a module that relies on the 2.2 API behavior.","July 20, 2015; 7:59:03 PM -0400",,,4.3,MEDIUM,
CVE-2015-3183,"The chunked transfer coding implementation in the Apache HTTP Server before 2.4.14 does not properly parse chunk headers, which allows remote attackers to conduct HTTP request smuggling attacks via a crafted request, related to mishandling of large chunk-size values and invalid chunk-extension characters in modules/http/http_filters.c.","July 20, 2015; 7:59:02 PM -0400",,,5.0,MEDIUM,
CVE-2015-0228,The lua_websocket_read function in lua_request.c in the mod_lua module in the Apache HTTP Server through 2.4.12 allows remote attackers to cause a denial of service (child-process crash) by sending a crafted WebSocket Ping frame after a Lua script has called the wsupgrade function.,"March 07, 2015; 9:59:00 PM -0500",,,5.0,MEDIUM,
CVE-2014-8109,"mod_lua.c in the mod_lua module in the Apache HTTP Server 2.3.x and 2.4.x through 2.4.10 does not support an httpd configuration in which the same Lua authorization provider is used with different arguments within different contexts, which allows remote attackers to bypass intended access restrictions in opportunistic circumstances by leveraging multiple Require directives, as demonstrated by a configuration that specifies authorization for one group to access a certain directory, and authorization for a second group to access a second directory.","December 29, 2014; 6:59:00 PM -0500",,,4.3,MEDIUM,
CVE-2014-3581,The cache_merge_headers_out function in modules/cache/cache_util.c in the mod_cache module in the Apache HTTP Server before 2.4.11 allows remote attackers to cause a denial of service (NULL pointer dereference and application crash) via an empty HTTP Content-Type header.,"October 10, 2014; 6:55:07 AM -0400",,,5.0,MEDIUM,
CVE-2014-3523,"Memory leak in the winnt_accept function in server/mpm/winnt/child.c in the WinNT MPM in the Apache HTTP Server 2.4.x before 2.4.10 on Windows, when the default AcceptFilter is enabled, allows remote attackers to cause a denial of service (memory consumption) via crafted requests.","July 20, 2014; 7:12:50 AM -0400",,,5.0,MEDIUM,
CVE-2014-0231,"The mod_cgid module in the Apache HTTP Server before 2.4.10 does not have a timeout mechanism, which allows remote attackers to cause a denial of service (process hang) via a request to a CGI script that does not read from its stdin file descriptor.","July 20, 2014; 7:12:48 AM -0400",,,5.0,MEDIUM,
CVE-2014-0226,"Race condition in the mod_status module in the Apache HTTP Server before 2.4.10 allows remote attackers to cause a denial of service (heap-based buffer overflow), or possibly obtain sensitive credential information or execute arbitrary code, via a crafted request that triggers improper scoreboard handling within the status_handler function in modules/generators/mod_status.c and the lua_ap_scoreboard_worker function in modules/lua/lua_request.c.","July 20, 2014; 7:12:48 AM -0400",,,6.8,MEDIUM,
CVE-2014-0118,"The deflate_in_filter function in mod_deflate.c in the mod_deflate module in the Apache HTTP Server before 2.4.10, when request body decompression is enabled, allows remote attackers to cause a denial of service (resource consumption) via crafted request data that decompresses to a much larger size.","July 20, 2014; 7:12:48 AM -0400",,,4.3,MEDIUM,
CVE-2014-0117,"The mod_proxy module in the Apache HTTP Server 2.4.x before 2.4.10, when a reverse proxy is enabled, allows remote attackers to cause a denial of service (child-process crash) via a crafted HTTP Connection header.","July 20, 2014; 7:12:48 AM -0400",,,4.3,MEDIUM,
CVE-2013-4352,"The cache_invalidate function in modules/cache/cache_storage.c in the mod_cache module in the Apache HTTP Server 2.4.6, when a caching forward proxy is enabled, allows remote HTTP servers to cause a denial of service (NULL pointer dereference and daemon crash) via vectors that trigger a missing hostname value.","July 20, 2014; 7:12:48 AM -0400",,,4.3,MEDIUM,
CVE-2013-5704,"The mod_headers module in the Apache HTTP Server 2.2.22 allows remote attackers to bypass ""RequestHeader unset"" directives by placing a header in the trailer portion of data sent with chunked transfer coding.  NOTE: the vendor states ""this is not a security issue in httpd as such.""","April 15, 2014; 6:55:11 AM -0400",,,5.0,MEDIUM,
CVE-2014-0098,The log_cookie function in mod_log_config.c in the mod_log_config module in the Apache HTTP Server before 2.4.8 allows remote attackers to cause a denial of service (segmentation fault and daemon crash) via a crafted cookie that is not properly handled during truncation.,"March 18, 2014; 1:18:18 AM -0400",,,5.0,MEDIUM,
CVE-2013-6438,"The dav_xml_get_cdata function in main/util.c in the mod_dav module in the Apache HTTP Server before 2.4.8 does not properly remove whitespace characters from CDATA sections, which allows remote attackers to cause a denial of service (daemon crash) via a crafted DAV WRITE request.","March 18, 2014; 1:18:18 AM -0400",,,5.0,MEDIUM,
